Workbook

Sheet 보고서
A1: 일일 업무 일지
A4: 전달 사항 | G4: 45897 | H4: 이상욱
A5: 1.실적 -> KPI 연동
A8: 1 | C8: =IFERROR(VLOOKUP(TEXT($G$4,"yyyy-mm-dd")&"-"&ROW(A1),업무기록!$J$3:$K$100, 2, FALSE), "") -> 프론트엔드 KPI 수정
A11: 2 | C11: =IFERROR(VLOOKUP(TEXT($G$4,"yyyy-mm-dd")&"-"&ROW(A2),업무기록!$J$3:$K$100,2,FALSE), "") -> 로그인 화면 수정
A14: 3 | C14: =IFERROR(VLOOKUP(TEXT($G$4,"yyyy-mm-dd")&"-"&ROW(A3),업무기록!$J$3:$K$100,2,FALSE), "")
A17: 4 | C17: =IFERROR(VLOOKUP(TEXT($G$4,"yyyy-mm-dd")&"-"&ROW(A4),업무기록!$J$3:$K$100,2,FALSE), "")
A20: 5 | C20: =IFERROR(VLOOKUP(TEXT($G$4,"yyyy-mm-dd")&"-"&ROW(A5),업무기록!$J$3:$K$100,2,FALSE), "")
A23: 6 | C23: =IFERROR(VLOOKUP(TEXT($G$4,"yyyy-mm-dd")&"-"&ROW(A6),업무기록!$J$3:$K$100,2,FALSE), "")
A26: 7 | C26: =IFERROR(VLOOKUP(TEXT($G$4,"yyyy-mm-dd")&"-"&ROW(A7),업무기록!$J$3:$K$100,2,FALSE), "")
A29: 8 | C29: =IFERROR(VLOOKUP(TEXT($G$4,"yyyy-mm-dd")&"-"&ROW(A8),업무기록!$J$3:$K$100,2,FALSE), "")
A32: 9 | C32: =IFERROR(VLOOKUP(TEXT($G$4,"yyyy-mm-dd")&"-"&ROW(A9),업무기록!$J$3:$K$100,2,FALSE), "")
A35: 10 | C35: =IFERROR(VLOOKUP(TEXT($G$4,"yyyy-mm-dd")&"-"&ROW(A10),업무기록!$J$3:$K$100,2,FALSE), "")
A38: 11 | C38: =IFERROR(VLOOKUP(TEXT($G$4,"yyyy-mm-dd")&"-"&ROW(A11),업무기록!$J$3:$K$100,2,FALSE), "")
A41: 12 | C41: =IFERROR(VLOOKUP(TEXT($G$4,"yyyy-mm-dd")&"-"&ROW(A12),업무기록!$J$3:$K$100,2,FALSE), "")

Sheet 업무기록
A1: 날짜 | B1: 업무 내용 | I1: Seq | J1: Key | K1: 업무 내용
A3: 45896 | B3: 깃허브 develop branch pr규칙 추가 | I3: =COUNTIF($A$3:A3, A3) -> 1 | J3: =TEXT(A3, "yyyy-mm-dd")&"-"&I3 -> 2025-08-27-1 | K3: =IF(B3="","",B3) -> 깃허브 develop branch pr규칙 추가
A4: 45896 | B4: 깃헙 사용 규칙 단톡배포 | I4: =COUNTIF($A$3:A4, A4) -> 2 | J4: =TEXT(A4, "yyyy-mm-dd")&"-"&I4 -> 2025-08-27-2 | K4: =IF(B4="","",B4) -> 깃헙 사용 규칙 단톡배포
A5: 45897 | B5: 프론트엔드 KPI 수정 | I5: =COUNTIF($A$3:A5, A5) -> 1 | J5: =TEXT(A5, "yyyy-mm-dd")&"-"&I5 -> 2025-08-28-1 | K5: =IF(B5="","",B5) -> 프론트엔드 KPI 수정
A6: 45897 | B6: 로그인 화면 수정 | I6: =COUNTIF($A$3:A6, A6) -> 2 | J6: =TEXT(A6, "yyyy-mm-dd")&"-"&I6 -> 2025-08-28-2 | K6: =IF(B6="","",B6) -> 로그인 화면 수정
A7: 45898 | B7: 프론트엔드 구조 파악 | I7: =COUNTIF($A$3:A7, A7) -> 1 | J7: =TEXT(A7, "yyyy-mm-dd")&"-"&I7 -> 2025-08-29-1 | K7: =IF(B7="","",B7) -> 프론트엔드 구조 파악
A8: 45898 | B8: 백엔드 로그인 확인 | I8: =COUNTIF($A$3:A8, A8) -> 2 | J8: =TEXT(A8, "yyyy-mm-dd")&"-"&I8 -> 2025-08-29-2 | K8: =IF(B8="","",B8) -> 백엔드 로그인 확인
A9: 45899 | B9: 멘토님 면담 | I9: =COUNTIF($A$3:A9, A9) -> 1 | J9: =TEXT(A9, "yyyy-mm-dd")&"-"&I9 -> 2025-08-30-1 | K9: =IF(B9="","",B9) -> 멘토님 면담
A10: 45900 | I10: =COUNTIF($A$3:A10, A10) -> 1 | J10: =TEXT(A10, "yyyy-mm-dd")&"-"&I10 -> 2025-08-31-1 | K10: =IF(B10="","",B10)
A11: 45901 | B11: 장비 유지보수 CMMS 기능명세서 작성 | I11: =COUNTIF($A$3:A11, A11) -> 1 | J11: =TEXT(A11, "yyyy-mm-dd")&"-"&I11 -> 2025-09-01-1 | K11: =IF(B11="","",B11) -> 장비 유지보수 CMMS 기능명세서 작성
A12: 45902 | B12: CMMS 1번 작업 | I12: =COUNTIF($A$3:A12, A12) -> 1 | J12: =TEXT(A12, "yyyy-mm-dd")&"-"&I12 -> 2025-09-02-1 | K12: =IF(B12="","",B12) -> CMMS 1번 작업
A13: 45903 | B13: CMMS 1번 작업 | I13: =COUNTIF($A$3:A13, A13) -> 1 | J13: =TEXT(A13, "yyyy-mm-dd")&"-"&I13 -> 2025-09-03-1 | K13: =IF(B13="","",B13) -> CMMS 1번 작업
A14: 45904 | B14: CMMS 1번 테스트 | I14: =COUNTIF($A$3:A14, A14) -> 1 | J14: =TEXT(A14, "yyyy-mm-dd")&"-"&I14 -> 2025-09-04-1 | K14: =IF(B14="","",B14) -> CMMS 1번 테스트
A15: 45905 | I15: =COUNTIF($A$3:A15, A15) -> 1 | J15: =TEXT(A15, "yyyy-mm-dd")&"-"&I15 -> 2025-09-05-1 | K15: =IF(B15="","",B15)
A16: 45906 | I16: =COUNTIF($A$3:A16, A16) -> 1 | J16: =TEXT(A16, "yyyy-mm-dd")&"-"&I16 -> 2025-09-06-1 | K16: =IF(B16="","",B16)
A17: 45907 | I17: =COUNTIF($A$3:A17, A17) -> 1 | J17: =TEXT(A17, "yyyy-mm-dd")&"-"&I17 -> 2025-09-07-1 | K17: =IF(B17="","",B17)
A18: 45908 | I18: =COUNTIF($A$3:A18, A18) -> 1 | J18: =TEXT(A18, "yyyy-mm-dd")&"-"&I18 -> 2025-09-08-1 | K18: =IF(B18="","",B18)
A19: 45909 | I19: =COUNTIF($A$3:A19, A19) -> 1 | J19: =TEXT(A19, "yyyy-mm-dd")&"-"&I19 -> 2025-09-09-1 | K19: =IF(B19="","",B19)
A20: 45910 | B20: 백엔드 코드 통합 + CMMS 리팩토링 후 테스트 | I20: =COUNTIF($A$3:A20, A20) -> 1 | J20: =TEXT(A20, "yyyy-mm-dd")&"-"&I20 -> 2025-09-10-1 | K20: =IF(B20="","",B20) -> 백엔드 코드 통합 + CMMS 리팩토링 후 테스트
A21: 45911 | I21: =COUNTIF($A$3:A21, A21) -> 1 | J21: =TEXT(A21, "yyyy-mm-dd")&"-"&I21 -> 2025-09-11-1 | K21: =IF(B21="","",B21)
